username,password
sdffhf63,qwerty123
sdffhf64,qwerty123
sdffhf63,qwerty123
sdffhf64,qwerty123
sdffhf63,qwerty123
sdffhf64,qwerty123
sdffhf63,qwerty123
sdffhf64,qwerty123
sdffhf63,qwerty123
sdffhf64,qwerty123
sdffhf63,qwerty123
sdffhf64,qwerty123
sdffhf63,qwerty123
sdffhf64,qwerty123
sdffhf63,qwerty123
sdffhf64,qwerty123
sdffhf63,qwerty123
sdffhf64,qwerty123
sdffhf63,qwerty123
sdffhf64,qwerty123
sdffhf63,qwerty123
sdffhf64,qwerty123
sdffhf63,qwerty123
sdffhf64,qwerty123
sdffhf63,qwerty123
sdffhf64,qwerty123
sdffhf63,qwerty123
sdffhf64,qwerty123
sdffhf63,qwerty123
sdffhf64,qwerty123
sdffhf63,qwerty123
sdffhf64,qwerty123
sdffhf63,qwerty123
sdffhf64,qwerty123
sdffhf63,qwerty123
sdffhf64,qwerty123
sdffhf63,qwerty123
sdffhf64,qwerty123
sdffhf63,qwerty123
sdffhf64,qwerty123
sdffhf63,qwerty123
sdffhf64,qwerty123
sdffhf63,qwerty123
sdffhf64,qwerty123
sdffhf63,qwerty123
sdffhf64,qwerty123
sdffhf63,qwerty123
sdffhf64,qwerty123
